Lat,Long
39.1178,-106.4454
37.5775,-105.4856
38.0717,-107.4621
40.255,-105.6151
37.8391,-107.9916
38.8405,-105.0442
37.1224,-105.1858
43.1842,-109.6542
43.7412,-110.8024
40.7763,-110.3729
37.3506,-106.6968
42.7085,-109.1284
44.3821,-107.1739
36.5569,-105.4169
43.9613,-109.3392
35.9625,-105.645
53.1105,-119.1566
45.1634,-109.8075
44.1374,-113.7811
40.0147,-107.0833
