Lat,Long
35.9625,-105.645
37.1224,-105.1858
37.5775,-105.4856
37.8391,-107.9916
37.9669,-105.5855
38.0717,-107.4621
38.8405,-105.0442
39.1178,-106.4454
40.0147,-107.0833
40.7763,-110.3729
43.1842,-109.6542
43.7412,-110.8024
43.9613,-109.3392
44.1374,-113.7811
44.3821,-107.1739
45.1634,-109.8075
53.1105,-119.1566
